01-Jan-2020 00:00,02-Jan-2020 00:00,0.0176096595879858
02-Jan-2020 00:00,03-Jan-2020 00:00,1.42389694185956
03-Jan-2020 00:00,04-Jan-2020 00:00,0.312077467589056
04-Jan-2020 00:00,05-Jan-2020 00:00,0.380167322834722
05-Jan-2020 00:00,06-Jan-2020 00:00,0.142033027121511
06-Jan-2020 00:00,07-Jan-2020 00:00,0.178209257933913
07-Jan-2020 00:00,08-Jan-2020 00:00,0.640310586176499
08-Jan-2020 00:00,09-Jan-2020 00:00,0.114872892308841
09-Jan-2020 00:00,10-Jan-2020 00:00,0.534254951085436
10-Jan-2020 00:00,11-Jan-2020 00:00,0.127555078342425
11-Jan-2020 00:00,12-Jan-2020 00:00,0.182813618468159
12-Jan-2020 00:00,13-Jan-2020 00:00,0.138398005646937
13-Jan-2020 00:00,14-Jan-2020 00:00,1.15137596436763
14-Jan-2020 00:00,15-Jan-2020 00:00,0.454613805376676
15-Jan-2020 00:00,16-Jan-2020 00:00,0.505274198679695
16-Jan-2020 00:00,17-Jan-2020 00:00,0.133016931122323
17-Jan-2020 00:00,18-Jan-2020 00:00,0.290876282510138
18-Jan-2020 00:00,19-Jan-2020 00:00,0.54908086773239
19-Jan-2020 00:00,20-Jan-2020 00:00,0.894569464328819
20-Jan-2020 00:00,21-Jan-2020 00:00,0.490746540205291
21-Jan-2020 00:00,22-Jan-2020 00:00,0.784089666348413
22-Jan-2020 00:00,23-Jan-2020 00:00,0.771121649566531
23-Jan-2020 00:00,24-Jan-2020 00:00,2.9723177185745
24-Jan-2020 00:00,25-Jan-2020 00:00,0.113282182056751
25-Jan-2020 00:00,26-Jan-2020 00:00,0.236232899864749
26-Jan-2020 00:00,27-Jan-2020 00:00,0.625894774516731
27-Jan-2020 00:00,28-Jan-2020 00:00,1.01410885429061
28-Jan-2020 00:00,29-Jan-2020 00:00,0.562384424958465
29-Jan-2020 00:00,30-Jan-2020 00:00,0.459851964526871
30-Jan-2020 00:00,31-Jan-2020 00:00,0.888492454067925
31-Jan-2020 00:00,01-Feb-2020 00:00,1.37081320090662
01-Feb-2020 00:00,02-Feb-2020 00:00,0.210017249264255
02-Feb-2020 00:00,03-Feb-2020 00:00,0.339300956238996
03-Feb-2020 00:00,04-Feb-2020 00:00,0.359250751786295
04-Feb-2020 00:00,05-Feb-2020 00:00,1.37554183567907
05-Feb-2020 00:00,06-Feb-2020 00:00,0.608564731965295
06-Feb-2020 00:00,07-Feb-2020 00:00,0.857747007476033
07-Feb-2020 00:00,08-Feb-2020 00:00,0.6103729221344
08-Feb-2020 00:00,09-Feb-2020 00:00,0.533677075876912
09-Feb-2020 00:00,10-Feb-2020 00:00,0.0902976616558252
10-Feb-2020 00:00,11-Feb-2020 00:00,0.717981985206057
11-Feb-2020 00:00,12-Feb-2020 00:00,0.978094179988555
12-Feb-2020 00:00,13-Feb-2020 00:00,0.23266622922124
13-Feb-2020 00:00,14-Feb-2020 00:00,1.32023358585773
14-Feb-2020 00:00,15-Feb-2020 00:00,1.17808871192263
15-Feb-2020 00:00,16-Feb-2020 00:00,0.235878718285242
16-Feb-2020 00:00,17-Feb-2020 00:00,0.795951642408348
17-Feb-2020 00:00,18-Feb-2020 00:00,2.05925519963395
18-Feb-2020 00:00,19-Feb-2020 00:00,1.47528433945716
19-Feb-2020 00:00,20-Feb-2020 00:00,1.15094721824571
20-Feb-2020 00:00,21-Feb-2020 00:00,1.76317182653268
21-Feb-2020 00:00,22-Feb-2020 00:00,2.05525356915572
22-Feb-2020 00:00,23-Feb-2020 00:00,0.303987214666331
23-Feb-2020 00:00,24-Feb-2020 00:00,0.35065219120334
24-Feb-2020 00:00,25-Feb-2020 00:00,0.887504473872468
25-Feb-2020 00:00,26-Feb-2020 00:00,0.661201085659877
26-Feb-2020 00:00,27-Feb-2020 00:00,2.00834004414144
27-Feb-2020 00:00,28-Feb-2020 00:00,0.877115147538314
28-Feb-2020 00:00,29-Feb-2020 00:00,1.08775998170691
29-Feb-2020 00:00,01-Mar-2020 00:00,0.281114541080113
01-Mar-2020 00:00,02-Mar-2020 00:00,0.358754871549994
02-Mar-2020 00:00,03-Mar-2020 00:00,2.63443365743998
03-Mar-2020 00:00,04-Mar-2020 00:00,0.589855245366929
04-Mar-2020 00:00,05-Mar-2020 00:00,1.11237249463125
05-Mar-2020 00:00,06-Mar-2020 00:00,1.1818417939241
06-Mar-2020 00:00,07-Mar-2020 00:00,0.924836455101772
07-Mar-2020 00:00,08-Mar-2020 00:00,0.118930446194349
08-Mar-2020 00:00,09-Mar-2020 00:00,0.181931271375156
09-Mar-2020 00:00,10-Mar-2020 00:00,0.39635404239257
10-Mar-2020 00:00,11-Mar-2020 00:00,0.116556808239817
11-Mar-2020 00:00,12-Mar-2020 00:00,0.77753420027057
12-Mar-2020 00:00,13-Mar-2020 00:00,0.336373081205666
13-Mar-2020 00:00,14-Mar-2020 00:00,1.08196258848286
14-Mar-2020 00:00,15-Mar-2020 00:00,0.498302413902845
15-Mar-2020 00:00,16-Mar-2020 00:00,0.202138262546581
16-Mar-2020 00:00,17-Mar-2020 00:00,0.606147598027592
17-Mar-2020 00:00,18-Mar-2020 00:00,0.347147657679149
18-Mar-2020 00:00,19-Mar-2020 00:00,0.498178139664246
19-Mar-2020 00:00,20-Mar-2020 00:00,0.282357283464696
20-Mar-2020 00:00,21-Mar-2020 00:00,0.383982541954996
21-Mar-2020 00:00,22-Mar-2020 00:00,1.58376332219819
22-Mar-2020 00:00,23-Mar-2020 00:00,0.317725731726726
23-Mar-2020 00:00,24-Mar-2020 00:00,0.60667576354069
24-Mar-2020 00:00,25-Mar-2020 00:00,0.443311063389841
25-Mar-2020 00:00,26-Mar-2020 00:00,0.304049351785685
26-Mar-2020 00:00,27-Mar-2020 00:00,0.18797721307565
27-Mar-2020 00:00,28-Mar-2020 00:00,0.676861821352778
28-Mar-2020 00:00,29-Mar-2020 00:00,0.341509639316642
29-Mar-2020 00:00,30-Mar-2020 00:00,0.064958144436514
30-Mar-2020 00:00,31-Mar-2020 00:00,0.811144168058703
31-Mar-2020 00:00,01-Apr-2020 00:00,0.706051658315383
01-Apr-2020 00:00,02-Apr-2020 00:00,0.0409483615684186
02-Apr-2020 00:00,03-Apr-2020 00:00,0.194240634693448
03-Apr-2020 00:00,04-Apr-2020 00:00,0.367926310347423
04-Apr-2020 00:00,05-Apr-2020 00:00,0.792086713593047
05-Apr-2020 00:00,06-Apr-2020 00:00,0.271595134414851
06-Apr-2020 00:00,07-Apr-2020 00:00,1.18249423367518
07-Apr-2020 00:00,08-Apr-2020 00:00,1.0093056549747
08-Apr-2020 00:00,09-Apr-2020 00:00,0.152695756780324
09-Apr-2020 00:00,10-Apr-2020 00:00,0.0911489401893321
10-Apr-2020 00:00,11-Apr-2020 00:00,0.206518929452064
11-Apr-2020 00:00,12-Apr-2020 00:00,0.333794390758156
12-Apr-2020 00:00,13-Apr-2020 00:00,0.155187455261202
13-Apr-2020 00:00,14-Apr-2020 00:00,0.820296965720239
14-Apr-2020 00:00,15-Apr-2020 00:00,0.560532738805356
15-Apr-2020 00:00,16-Apr-2020 00:00,0.374786248310035
16-Apr-2020 00:00,17-Apr-2020 00:00,5.28193485182775
17-Apr-2020 00:00,18-Apr-2020 00:00,0.141200389724151
18-Apr-2020 00:00,19-Apr-2020 00:00,0.287235047323419
19-Apr-2020 00:00,20-Apr-2020 00:00,0.127871977650472
20-Apr-2020 00:00,21-Apr-2020 00:00,0.45405457130372
21-Apr-2020 00:00,22-Apr-2020 00:00,0.225930565497552
22-Apr-2020 00:00,23-Apr-2020 00:00,0.201647379304727
23-Apr-2020 00:00,24-Apr-2020 00:00,4.23103358337984
24-Apr-2020 00:00,25-Apr-2020 00:00,4.14838545562157
25-Apr-2020 00:00,26-Apr-2020 00:00,0.361861727511325
26-Apr-2020 00:00,27-Apr-2020 00:00,0.671758182215477
27-Apr-2020 00:00,28-Apr-2020 00:00,0.65752878191359
28-Apr-2020 00:00,29-Apr-2020 00:00,0.0326157738806042
29-Apr-2020 00:00,30-Apr-2020 00:00,0.196757188021677
30-Apr-2020 00:00,01-May-2020 00:00,4.4914188804543
01-May-2020 00:00,02-May-2020 00:00,0.632343085526847
02-May-2020 00:00,03-May-2020 00:00,0.941029388371367
03-May-2020 00:00,04-May-2020 00:00,0.452588135289325
04-May-2020 00:00,05-May-2020 00:00,0.474398264137131
05-May-2020 00:00,06-May-2020 00:00,0.703845790583707
06-May-2020 00:00,07-May-2020 00:00,0.555046031177637
07-May-2020 00:00,08-May-2020 00:00,0.412211435218189
08-May-2020 00:00,09-May-2020 00:00,0.464984490575155
09-May-2020 00:00,10-May-2020 00:00,0.393247186430588
10-May-2020 00:00,11-May-2020 00:00,0.486216744213424
11-May-2020 00:00,12-May-2020 00:00,0.313705460112353
12-May-2020 00:00,13-May-2020 00:00,0.300538604549385
13-May-2020 00:00,14-May-2020 00:00,0.165334446830484
14-May-2020 00:00,15-May-2020 00:00,0.180912222619842
15-May-2020 00:00,16-May-2020 00:00,0.377439503300828
16-May-2020 00:00,17-May-2020 00:00,1.17337250457314
17-May-2020 00:00,18-May-2020 00:00,1.27430182732799
18-May-2020 00:00,19-May-2020 00:00,0.262802732044751
19-May-2020 00:00,20-May-2020 00:00,0.141660204406256
20-May-2020 00:00,21-May-2020 00:00,0.860965710252107
21-May-2020 00:00,22-May-2020 00:00,3.75495234167383
22-May-2020 00:00,23-May-2020 00:00,0.703970064820896
23-May-2020 00:00,24-May-2020 00:00,0.600020878071995
24-May-2020 00:00,25-May-2020 00:00,0.290093354807696
25-May-2020 00:00,26-May-2020 00:00,0.818613049787744
26-May-2020 00:00,27-May-2020 00:00,0.330407917760636
27-May-2020 00:00,28-May-2020 00:00,0.546353048198894
28-May-2020 00:00,29-May-2020 00:00,0.0405071880219171
29-May-2020 00:00,30-May-2020 00:00,0.956115039026424
30-May-2020 00:00,31-May-2020 00:00,0.262632546083457
31-May-2020 00:00,01-Jun-2020 00:00,4.16237529309419
01-Jun-2020 00:00,02-Jun-2020 00:00,0.217771961743618
02-Jun-2020 00:00,03-Jun-2020 00:00,1.25798461982019
03-Jun-2020 00:00,04-Jun-2020 00:00,0.582311799092219
04-Jun-2020 00:00,05-Jun-2020 00:00,4.17515846509493
05-Jun-2020 00:00,06-Jun-2020 00:00,4.31700382112402
06-Jun-2020 00:00,07-Jun-2020 00:00,4.19570104421506
07-Jun-2020 00:00,08-Jun-2020 00:00,1.22930212558628
08-Jun-2020 00:00,09-Jun-2020 00:00,0.797871679391799
09-Jun-2020 00:00,10-Jun-2020 00:00,0.630840889206663
10-Jun-2020 00:00,11-Jun-2020 00:00,0.528774457170549
11-Jun-2020 00:00,12-Jun-2020 00:00,0.679394834168242
12-Jun-2020 00:00,13-Jun-2020 00:00,1.10346824544651
13-Jun-2020 00:00,14-Jun-2020 00:00,0.464419042789764
14-Jun-2020 00:00,15-Jun-2020 00:00,0.297089994433018
15-Jun-2020 00:00,16-Jun-2020 00:00,1.00265076950514
16-Jun-2020 00:00,17-Jun-2020 00:00,0.132140797741212
17-Jun-2020 00:00,18-Jun-2020 00:00,3.9590815422512
18-Jun-2020 00:00,19-Jun-2020 00:00,0.588612502982237
19-Jun-2020 00:00,20-Jun-2020 00:00,0.375115575041866
20-Jun-2020 00:00,21-Jun-2020 00:00,0.862077964685801
21-Jun-2020 00:00,22-Jun-2020 00:00,5.27552857273055
22-Jun-2020 00:00,23-Jun-2020 00:00,0.920679481826318
23-Jun-2020 00:00,24-Jun-2020 00:00,7.25709212685323
24-Jun-2020 00:00,25-Jun-2020 00:00,0.353367583312836
25-Jun-2020 00:00,26-Jun-2020 00:00,1.20959811118704
26-Jun-2020 00:00,27-Jun-2020 00:00,0.958483705161655
27-Jun-2020 00:00,28-Jun-2020 00:00,0.366758132506086
28-Jun-2020 00:00,29-Jun-2020 00:00,1.72334193310959
29-Jun-2020 00:00,30-Jun-2020 00:00,0.443267567405982
30-Jun-2020 00:00,01-Jul-2020 00:00,0.314711142875118
01-Jul-2020 00:00,02-Jul-2020 00:00,0.462356688817429
02-Jul-2020 00:00,03-Jul-2020 00:00,0.737964684363112
03-Jul-2020 00:00,04-Jul-2020 00:00,0.490299152946464
04-Jul-2020 00:00,05-Jul-2020 00:00,0.331868140061656
05-Jul-2020 00:00,06-Jul-2020 00:00,0.358549819056509
06-Jul-2020 00:00,07-Jul-2020 00:00,0.540027489462175
07-Jul-2020 00:00,08-Jul-2020 00:00,0.532608317426318
08-Jul-2020 00:00,09-Jul-2020 00:00,0.384591485723558
09-Jul-2020 00:00,10-Jul-2020 00:00,0.226862622285836
10-Jul-2020 00:00,11-Jul-2020 00:00,0.423122713353622
11-Jul-2020 00:00,12-Jul-2020 00:00,3.9092087180315
12-Jul-2020 00:00,13-Jul-2020 00:00,3.58820583402799
13-Jul-2020 00:00,14-Jul-2020 00:00,0.613933379065981
14-Jul-2020 00:00,15-Jul-2020 00:00,0.977758639545013
15-Jul-2020 00:00,16-Jul-2020 00:00,0.446591903284582
16-Jul-2020 00:00,17-Jul-2020 00:00,5.24009267174709
17-Jul-2020 00:00,18-Jul-2020 00:00,5.40588473963518
18-Jul-2020 00:00,19-Jul-2020 00:00,0.383344934812504
19-Jul-2020 00:00,20-Jul-2020 00:00,6.38107638095261
20-Jul-2020 00:00,21-Jul-2020 00:00,0.341232291204927
21-Jul-2020 00:00,22-Jul-2020 00:00,0.462405712851358
22-Jul-2020 00:00,23-Jul-2020 00:00,10.554651212301
23-Jul-2020 00:00,24-Jul-2020 00:00,0.659865137596046
24-Jul-2020 00:00,25-Jul-2020 00:00,1.16273462976074
25-Jul-2020 00:00,26-Jul-2020 00:00,1.24163634375319
26-Jul-2020 00:00,27-Jul-2020 00:00,0.874990058060583
27-Jul-2020 00:00,28-Jul-2020 00:00,1.32256596467598
28-Jul-2020 00:00,29-Jul-2020 00:00,0.567819186044269
29-Jul-2020 00:00,30-Jul-2020 00:00,1.43280119104415
30-Jul-2020 00:00,31-Jul-2020 00:00,0.731552732044971
31-Jul-2020 00:00,01-Aug-2020 00:00,2.75735652942256
01-Aug-2020 00:00,02-Aug-2020 00:00,1.15272433985503
02-Aug-2020 00:00,03-Aug-2020 00:00,1.09652131551784
03-Aug-2020 00:00,04-Aug-2020 00:00,0.816617509693692
04-Aug-2020 00:00,05-Aug-2020 00:00,0.728632287441484
05-Aug-2020 00:00,06-Aug-2020 00:00,1.03179929213424
06-Aug-2020 00:00,07-Aug-2020 00:00,0.568020261672496
07-Aug-2020 00:00,08-Aug-2020 00:00,1.23735432967779
08-Aug-2020 00:00,09-Aug-2020 00:00,0.959638349608477
09-Aug-2020 00:00,10-Aug-2020 00:00,0.944335083115123
10-Aug-2020 00:00,11-Aug-2020 00:00,1.0154137337948
11-Aug-2020 00:00,12-Aug-2020 00:00,2.67175942495964
12-Aug-2020 00:00,13-Aug-2020 00:00,1.54484684442792
13-Aug-2020 00:00,14-Aug-2020 00:00,0.524567774198367
14-Aug-2020 00:00,15-Aug-2020 00:00,1.49491345541887
15-Aug-2020 00:00,16-Aug-2020 00:00,0.830574445239542
16-Aug-2020 00:00,17-Aug-2020 00:00,0.771935645828325
17-Aug-2020 00:00,18-Aug-2020 00:00,2.30301006034286
18-Aug-2020 00:00,19-Aug-2020 00:00,7.74326189493507
19-Aug-2020 00:00,20-Aug-2020 00:00,1.2315577030144
20-Aug-2020 00:00,21-Aug-2020 00:00,4.87348261154768
21-Aug-2020 00:00,22-Aug-2020 00:00,8.02607148761565
22-Aug-2020 00:00,23-Aug-2020 00:00,0.903585560326922
23-Aug-2020 00:00,24-Aug-2020 00:00,0.915453750099147
24-Aug-2020 00:00,25-Aug-2020 00:00,1.62003275868915
25-Aug-2020 00:00,26-Aug-2020 00:00,1.94722818738683
26-Aug-2020 00:00,27-Aug-2020 00:00,1.24934134653608
27-Aug-2020 00:00,28-Aug-2020 00:00,3.71972317332851
28-Aug-2020 00:00,29-Aug-2020 00:00,1.50535870516194
29-Aug-2020 00:00,30-Aug-2020 00:00,0.95364322357461
30-Aug-2020 00:00,31-Aug-2020 00:00,0.452128320607582
31-Aug-2020 00:00,01-Sep-2020 00:00,0.442515708263543
01-Sep-2020 00:00,02-Sep-2020 00:00,3.50944857034781
02-Sep-2020 00:00,03-Sep-2020 00:00,1.41073008629522
03-Sep-2020 00:00,04-Sep-2020 00:00,3.40450054485942
04-Sep-2020 00:00,05-Sep-2020 00:00,1.3607081364396
05-Sep-2020 00:00,06-Sep-2020 00:00,1.24390434860328
06-Sep-2020 00:00,07-Sep-2020 00:00,0.489317386462972
07-Sep-2020 00:00,08-Sep-2020 00:00,0.299656257456454
08-Sep-2020 00:00,09-Sep-2020 00:00,1.25036926548417
09-Sep-2020 00:00,10-Sep-2020 00:00,0.617282569792077
10-Sep-2020 00:00,11-Sep-2020 00:00,3.02298341304827
11-Sep-2020 00:00,12-Sep-2020 00:00,0.791707677164779
12-Sep-2020 00:00,13-Sep-2020 00:00,0.411395309950271
13-Sep-2020 00:00,14-Sep-2020 00:00,0.31841136904455
14-Sep-2020 00:00,15-Sep-2020 00:00,1.88179780084132
15-Sep-2020 00:00,16-Sep-2020 00:00,3.18092340730379
16-Sep-2020 00:00,17-Sep-2020 00:00,1.35267647022396
17-Sep-2020 00:00,18-Sep-2020 00:00,3.08749350097146
18-Sep-2020 00:00,19-Sep-2020 00:00,3.83179109003698
19-Sep-2020 00:00,20-Sep-2020 00:00,1.24163634375218
20-Sep-2020 00:00,21-Sep-2020 00:00,1.1704575328856
21-Sep-2020 00:00,22-Sep-2020 00:00,3.01812253537812
22-Sep-2020 00:00,23-Sep-2020 00:00,3.52229852660569
23-Sep-2020 00:00,24-Sep-2020 00:00,3.70792160867913
24-Sep-2020 00:00,25-Sep-2020 00:00,6.61937461965782
25-Sep-2020 00:00,26-Sep-2020 00:00,0.132470124472825
26-Sep-2020 00:00,27-Sep-2020 00:00,0.174120635488584
27-Sep-2020 00:00,28-Sep-2020 00:00,0.847198413820434
28-Sep-2020 00:00,29-Sep-2020 00:00,1.31808364153366
29-Sep-2020 00:00,30-Sep-2020 00:00,2.97405029626755
30-Sep-2020 00:00,01-Oct-2020 00:00,0.274907042869233
01-Oct-2020 00:00,02-Oct-2020 00:00,3.40215640658488
02-Oct-2020 00:00,03-Oct-2020 00:00,0.0446890161456628
03-Oct-2020 00:00,04-Oct-2020 00:00,0.882052852927171
04-Oct-2020 00:00,05-Oct-2020 00:00,0.647251302393238
05-Oct-2020 00:00,06-Oct-2020 00:00,0.531415284736472
06-Oct-2020 00:00,07-Oct-2020 00:00,3.71378027320181
07-Oct-2020 00:00,08-Oct-2020 00:00,1.22321890161324
08-Oct-2020 00:00,09-Oct-2020 00:00,2.49892502783562
09-Oct-2020 00:00,10-Oct-2020 00:00,1.41419187308041
10-Oct-2020 00:00,11-Oct-2020 00:00,2.11041615060793
11-Oct-2020 00:00,12-Oct-2020 00:00,0.869789181181993
12-Oct-2020 00:00,13-Oct-2020 00:00,0.527836186670626
13-Oct-2020 00:00,14-Oct-2020 00:00,2.36341018452321
14-Oct-2020 00:00,15-Oct-2020 00:00,1.47957180068459
15-Oct-2020 00:00,16-Oct-2020 00:00,1.20114024758498
16-Oct-2020 00:00,17-Oct-2020 00:00,0.942831364830461
17-Oct-2020 00:00,18-Oct-2020 00:00,0.3450784916087
18-Oct-2020 00:00,19-Oct-2020 00:00,0.901211922372608
19-Oct-2020 00:00,20-Oct-2020 00:00,0.486322377315986
20-Oct-2020 00:00,21-Oct-2020 00:00,1.99830489938415
21-Oct-2020 00:00,22-Oct-2020 00:00,1.48847604986817
22-Oct-2020 00:00,23-Oct-2020 00:00,1.60444925682191
23-Oct-2020 00:00,24-Oct-2020 00:00,1.08946741730666
24-Oct-2020 00:00,25-Oct-2020 00:00,1.29050097430988
25-Oct-2020 00:00,26-Oct-2020 00:00,0.109926777618799
26-Oct-2020 00:00,27-Oct-2020 00:00,0.325834625785344
27-Oct-2020 00:00,28-Oct-2020 00:00,0.397223962062151
28-Oct-2020 00:00,29-Oct-2020 00:00,1.60974287669626
29-Oct-2020 00:00,30-Oct-2020 00:00,1.27524009782654
30-Oct-2020 00:00,31-Oct-2020 00:00,0.66338185601409
31-Oct-2020 00:00,01-Nov-2020 00:00,0.428752336355544
01-Nov-2020 00:00,02-Nov-2020 00:00,0.872163260735952
02-Nov-2020 00:00,03-Nov-2020 00:00,0.300184422970276
03-Nov-2020 00:00,04-Nov-2020 00:00,2.88581865108376
04-Nov-2020 00:00,05-Nov-2020 00:00,1.19505214546915
05-Nov-2020 00:00,06-Nov-2020 00:00,1.29248936212566
06-Nov-2020 00:00,07-Nov-2020 00:00,1.74942088204799
07-Nov-2020 00:00,08-Nov-2020 00:00,0.951928239083233
08-Nov-2020 00:00,09-Nov-2020 00:00,0.387785333651883
09-Nov-2020 00:00,10-Nov-2020 00:00,0.386424530740195
10-Nov-2020 00:00,11-Nov-2020 00:00,1.66976730891563
11-Nov-2020 00:00,12-Nov-2020 00:00,0.574948550464944
12-Nov-2020 00:00,13-Nov-2020 00:00,1.28648070269532
13-Nov-2020 00:00,14-Nov-2020 00:00,0.411003571448589
14-Nov-2020 00:00,15-Nov-2020 00:00,0.664786397438375
15-Nov-2020 00:00,16-Nov-2020 00:00,0.18725612272794
16-Nov-2020 00:00,17-Nov-2020 00:00,0.772641576545966
17-Nov-2020 00:00,18-Nov-2020 00:00,1.28788500159058
18-Nov-2020 00:00,19-Nov-2020 00:00,1.67279338662052
19-Nov-2020 00:00,20-Nov-2020 00:00,1.76495516185349
20-Nov-2020 00:00,21-Nov-2020 00:00,0.81909150560708
21-Nov-2020 00:00,22-Nov-2020 00:00,0.532260349558341
22-Nov-2020 00:00,23-Nov-2020 00:00,0.650830400461109
23-Nov-2020 00:00,24-Nov-2020 00:00,0.381136661894611
24-Nov-2020 00:00,25-Nov-2020 00:00,0.653887269340607
25-Nov-2020 00:00,26-Nov-2020 00:00,0.321714934780952
26-Nov-2020 00:00,27-Nov-2020 00:00,0.387300664121198
27-Nov-2020 00:00,28-Nov-2020 00:00,0.679171140538973
28-Nov-2020 00:00,29-Nov-2020 00:00,0.228249632541018
29-Nov-2020 00:00,30-Nov-2020 00:00,0.469562196132225
30-Nov-2020 00:00,01-Dec-2020 00:00,0.562701324266404
01-Dec-2020 00:00,02-Dec-2020 00:00,0.651656824146469
02-Dec-2020 00:00,03-Dec-2020 00:00,0.222481955380389
03-Dec-2020 00:00,04-Dec-2020 00:00,0.221077656485927
04-Dec-2020 00:00,05-Dec-2020 00:00,0.376358317426124
05-Dec-2020 00:00,06-Dec-2020 00:00,0.234797532410574
06-Dec-2020 00:00,07-Dec-2020 00:00,0.869391503617506
07-Dec-2020 00:00,08-Dec-2020 00:00,0.31340720194038
08-Dec-2020 00:00,09-Dec-2020 00:00,1.25301986399422
09-Dec-2020 00:00,10-Dec-2020 00:00,1.09100975304126
10-Dec-2020 00:00,11-Dec-2020 00:00,0.938469339063837
11-Dec-2020 00:00,12-Dec-2020 00:00,0.767635757180042
12-Dec-2020 00:00,13-Dec-2020 00:00,0.495265082544393
13-Dec-2020 00:00,14-Dec-2020 00:00,0.900801817387013
14-Dec-2020 00:00,15-Dec-2020 00:00,0.935787242710114
15-Dec-2020 00:00,16-Dec-2020 00:00,0.435208383042682
16-Dec-2020 00:00,17-Dec-2020 00:00,0.361165791776746
17-Dec-2020 00:00,18-Dec-2020 00:00,1.36306470214219
18-Dec-2020 00:00,19-Dec-2020 00:00,0.985842678756678
19-Dec-2020 00:00,20-Dec-2020 00:00,0.849947692419257
20-Dec-2020 00:00,21-Dec-2020 00:00,0.108634325539189
21-Dec-2020 00:00,22-Dec-2020 00:00,0.366758132506158
22-Dec-2020 00:00,23-Dec-2020 00:00,1.56261194466404
23-Dec-2020 00:00,24-Dec-2020 00:00,1.27782278162527
24-Dec-2020 00:00,25-Dec-2020 00:00,0.46292775192961
25-Dec-2020 00:00,26-Dec-2020 00:00,0.257235246163702
26-Dec-2020 00:00,27-Dec-2020 00:00,0.629840481587893
27-Dec-2020 00:00,28-Dec-2020 00:00,0.399305555557216
28-Dec-2020 00:00,29-Dec-2020 00:00,0.365993845940297
29-Dec-2020 00:00,30-Dec-2020 00:00,0.521283054981687
30-Dec-2020 00:00,31-Dec-2020 00:00,0.410173337707995
31-Dec-2020 00:00,01-Jan-2021 00:00,0.247274665950818
01-Jan-2021 00:00,02-Jan-2021 00:00,0.22333323391433
02-Jan-2021 00:00,03-Jan-2021 00:00,0.171988541121903
03-Jan-2021 00:00,04-Jan-2021 00:00,0.140958054959676
04-Jan-2021 00:00,05-Jan-2021 00:00,0.548278850607025
05-Jan-2021 00:00,06-Jan-2021 00:00,0.181283295228145
06-Jan-2021 00:00,07-Jan-2021 00:00,0.343189523186228
07-Jan-2021 00:00,08-Jan-2021 00:00,0.171479807922009
08-Jan-2021 00:00,09-Jan-2021 00:00,0.405183727034746
09-Jan-2021 00:00,10-Jan-2021 00:00,0.356334873734241
10-Jan-2021 00:00,11-Jan-2021 00:00,0.168410234232681
11-Jan-2021 00:00,12-Jan-2021 00:00,0.244596556111951
12-Jan-2021 00:00,13-Jan-2021 00:00,0.250816481746253
13-Jan-2021 00:00,14-Jan-2021 00:00,0.4011075320132
14-Jan-2021 00:00,15-Jan-2021 00:00,0.268383186885067
15-Jan-2021 00:00,16-Jan-2021 00:00,0.204617533603928
16-Jan-2021 00:00,17-Jan-2021 00:00,0.255576185079607
17-Jan-2021 00:00,18-Jan-2021 00:00,0.228509255945714
18-Jan-2021 00:00,19-Jan-2021 00:00,0.439314847508099
19-Jan-2021 00:00,20-Jan-2021 00:00,0.366540652589541
20-Jan-2021 00:00,21-Jan-2021 00:00,0.154653076036031
21-Jan-2021 00:00,22-Jan-2021 00:00,0.293591674620067
22-Jan-2021 00:00,23-Jan-2021 00:00,0.25910756232737
23-Jan-2021 00:00,24-Jan-2021 00:00,0.15678437922522
24-Jan-2021 00:00,25-Jan-2021 00:00,0.19921160423236
25-Jan-2021 00:00,26-Jan-2021 00:00,0.396924062606331
26-Jan-2021 00:00,27-Jan-2021 00:00,0.629424162891455
27-Jan-2021 00:00,28-Jan-2021 00:00,0.84857556868204
28-Jan-2021 00:00,29-Jan-2021 00:00,0.40797368368832
29-Jan-2021 00:00,30-Jan-2021 00:00,0.810421003193075
30-Jan-2021 00:00,31-Jan-2021 00:00,0.809560278769194
31-Jan-2021 00:00,01-Feb-2021 00:00,0.225247057187336
01-Feb-2021 00:00,02-Feb-2021 00:00,0.381595925106524
02-Feb-2021 00:00,03-Feb-2021 00:00,0.560973121652984
03-Feb-2021 00:00,04-Feb-2021 00:00,0.105769486227518
04-Feb-2021 00:00,05-Feb-2021 00:00,0.364055167820157
05-Feb-2021 00:00,06-Feb-2021 00:00,0.282481557702933
06-Feb-2021 00:00,07-Feb-2021 00:00,0.251717469976125
07-Feb-2021 00:00,08-Feb-2021 00:00,0.25007083631632
08-Feb-2021 00:00,09-Feb-2021 00:00,0.38246018253502
09-Feb-2021 00:00,10-Feb-2021 00:00,0.149290642647526
10-Feb-2021 00:00,11-Feb-2021 00:00,0.211384265888052
11-Feb-2021 00:00,12-Feb-2021 00:00,0.185684353376473
12-Feb-2021 00:00,13-Feb-2021 00:00,0.225029577268982
13-Feb-2021 00:00,14-Feb-2021 00:00,0.409931002943665
14-Feb-2021 00:00,15-Feb-2021 00:00,0.981918183895729
15-Feb-2021 00:00,16-Feb-2021 00:00,1.20680034146378
16-Feb-2021 00:00,17-Feb-2021 00:00,0.816164847294848
17-Feb-2021 00:00,18-Feb-2021 00:00,2.18612055596074
18-Feb-2021 00:00,19-Feb-2021 00:00,1.16095569009737
19-Feb-2021 00:00,20-Feb-2021 00:00,0.549062226598631
20-Feb-2021 00:00,21-Feb-2021 00:00,0.354150511016218
21-Feb-2021 00:00,22-Feb-2021 00:00,1.44582513123885
22-Feb-2021 00:00,23-Feb-2021 00:00,0.313835948063351
23-Feb-2021 00:00,24-Feb-2021 00:00,1.1510901336214
24-Feb-2021 00:00,25-Feb-2021 00:00,0.899913256584179
25-Feb-2021 00:00,26-Feb-2021 00:00,1.50179824823173
26-Feb-2021 00:00,27-Feb-2021 00:00,1.12393621252065
27-Feb-2021 00:00,28-Feb-2021 00:00,0.472993965243392
28-Feb-2021 00:00,01-Mar-2021 00:00,0.0625223693631347
01-Mar-2021 00:00,02-Mar-2021 00:00,0.246255617195323
02-Mar-2021 00:00,03-Mar-2021 00:00,0.177128072059209
03-Mar-2021 00:00,04-Mar-2021 00:00,0.146347313293939
04-Mar-2021 00:00,05-Mar-2021 00:00,0.13543406506075
05-Mar-2021 00:00,06-Mar-2021 00:00,0.310033156366789
06-Mar-2021 00:00,07-Mar-2021 00:00,0.176213332264961
07-Mar-2021 00:00,08-Mar-2021 00:00,0.226800485167206
08-Mar-2021 00:00,09-Mar-2021 00:00,0.32448003658703
09-Mar-2021 00:00,10-Mar-2021 00:00,0.518153296876792
10-Mar-2021 00:00,11-Mar-2021 00:00,0.186643759776981
11-Mar-2021 00:00,12-Mar-2021 00:00,0.669720084708249
12-Mar-2021 00:00,13-Mar-2021 00:00,0.611976059812083
13-Mar-2021 00:00,14-Mar-2021 00:00,0.0809770937724099
14-Mar-2021 00:00,15-Mar-2021 00:00,0.515980424324066
15-Mar-2021 00:00,16-Mar-2021 00:00,0.442448287867621
16-Mar-2021 00:00,17-Mar-2021 00:00,0.289832287545066
17-Mar-2021 00:00,18-Mar-2021 00:00,0.142841916407362
18-Mar-2021 00:00,19-Mar-2021 00:00,0.322342519685335
19-Mar-2021 00:00,20-Mar-2021 00:00,0.287085918237071
20-Mar-2021 00:00,21-Mar-2021 00:00,0.632387305975355
21-Mar-2021 00:00,22-Mar-2021 00:00,0.438624501023984
22-Mar-2021 00:00,23-Mar-2021 00:00,0.347576403802156
23-Mar-2021 00:00,24-Mar-2021 00:00,0.35316874453128
24-Mar-2021 00:00,25-Mar-2021 00:00,0.424210112941122
25-Mar-2021 00:00,26-Mar-2021 00:00,0.299958275445526
26-Mar-2021 00:00,27-Mar-2021 00:00,0.351970082075555
27-Mar-2021 00:00,28-Mar-2021 00:00,0.431913214234735
28-Mar-2021 00:00,29-Mar-2021 00:00,0.421327055921356
29-Mar-2021 00:00,30-Mar-2021 00:00,0.283382545932372
30-Mar-2021 00:00,31-Mar-2021 00:00,0.286458333332616
31-Mar-2021 00:00,01-Apr-2021 00:00,0.214994432514407
01-Apr-2021 00:00,02-Apr-2021 00:00,0.560507883957282
02-Apr-2021 00:00,03-Apr-2021 00:00,0.59481371410653
03-Apr-2021 00:00,04-Apr-2021 00:00,0.517409578065084
04-Apr-2021 00:00,05-Apr-2021 00:00,0.452644058698343
05-Apr-2021 00:00,06-Apr-2021 00:00,0.238196432832312
06-Apr-2021 00:00,07-Apr-2021 00:00,0.446641612980803
07-Apr-2021 00:00,08-Apr-2021 00:00,0.6137780362685
08-Apr-2021 00:00,09-Apr-2021 00:00,0.262265280617223
09-Apr-2021 00:00,10-Apr-2021 00:00,0.223380589893428
10-Apr-2021 00:00,11-Apr-2021 00:00,0.186854884933415
11-Apr-2021 00:00,12-Apr-2021 00:00,0.502434532331817
12-Apr-2021 00:00,13-Apr-2021 00:00,0.176798745327595
13-Apr-2021 00:00,14-Apr-2021 00:00,0.117246530263517
14-Apr-2021 00:00,15-Apr-2021 00:00,0.17686644913324
15-Apr-2021 00:00,16-Apr-2021 00:00,0.142039363007718
16-Apr-2021 00:00,17-Apr-2021 00:00,0.264364326976066
17-Apr-2021 00:00,18-Apr-2021 00:00,0.200019386781574
18-Apr-2021 00:00,19-Apr-2021 00:00,0.123043923486848
19-Apr-2021 00:00,20-Apr-2021 00:00,0.0417002207111111
20-Apr-2021 00:00,21-Apr-2021 00:00,0.206842841056998
21-Apr-2021 00:00,22-Apr-2021 00:00,0.666743716696975
22-Apr-2021 00:00,23-Apr-2021 00:00,0.170827133122644
23-Apr-2021 00:00,24-Apr-2021 00:00,0.427777364378631
24-Apr-2021 00:00,25-Apr-2021 00:00,0.32305168801582
25-Apr-2021 00:00,26-Apr-2021 00:00,0.147310363192431
26-Apr-2021 00:00,27-Apr-2021 00:00,0.420109702432534
27-Apr-2021 00:00,28-Apr-2021 00:00,0.349352586842855
28-Apr-2021 00:00,29-Apr-2021 00:00,0.490920524139931
29-Apr-2021 00:00,30-Apr-2021 00:00,0.449381185904204
30-Apr-2021 00:00,01-May-2021 00:00,0.552053276484859
01-May-2021 00:00,02-May-2021 00:00,0.503994174024338
02-May-2021 00:00,03-May-2021 00:00,0.340121251980551
03-May-2021 00:00,04-May-2021 00:00,0.378284568123636
04-May-2021 00:00,05-May-2021 00:00,0.218044011178064
05-May-2021 00:00,06-May-2021 00:00,0.555213801400421
06-May-2021 00:00,07-May-2021 00:00,0.509709861702968
07-May-2021 00:00,08-May-2021 00:00,0.321687971796062
08-May-2021 00:00,09-May-2021 00:00,0.297922631829366
09-May-2021 00:00,10-May-2021 00:00,0.342791845621668
10-May-2021 00:00,11-May-2021 00:00,0.347483691760327
11-May-2021 00:00,12-May-2021 00:00,0.323715750020445
12-May-2021 00:00,13-May-2021 00:00,2.53374630328011
13-May-2021 00:00,14-May-2021 00:00,0.480413137278237
14-May-2021 00:00,15-May-2021 00:00,0.488442411838331
15-May-2021 00:00,16-May-2021 00:00,0.628939493361493
16-May-2021 00:00,17-May-2021 00:00,0.124131323073842
